id,name,department,gender,age,hire_date,termination_date
1,Sheri Jones,HR,Male,37,2024-05-21,2024-10-27
2,Logan Graham,Sales,Female,44,2023-09-19,
3,Erik Jensen,Marketing,Female,42,2022-02-14,
4,Amy Brooks,Finance,Female,56,2022-05-25,2024-05-05
5,Chelsea Cox,HR,Male,28,2020-12-23,2022-08-23
6,Calvin Miller,HR,Male,55,2020-12-09,2023-04-09
7,Alan Hart,IT,Male,41,2024-12-09,
8,Sharon Sherman,HR,Male,33,2023-12-18,
9,Jennifer Huynh,HR,Male,55,2022-02-24,
10,Matthew Martinez,Sales,Female,28,2023-08-07,2024-05-16
11,Robert Ellis,Marketing,Male,56,2021-01-22,
12,Erin Pace,IT,Female,55,2022-11-14,
13,Michele Nguyen,Marketing,Male,34,2024-05-28,
14,Jessica Baldwin,HR,Female,57,2022-09-24,2023-11-18
15,Barbara Perez,Marketing,Female,57,2022-08-26,
16,Denise Johns,Finance,Female,46,2023-04-16,
17,Erika Burke,IT,Female,40,2024-03-03,2024-07-04
18,Joseph Daniels,Finance,Male,42,2020-11-22,
19,Mark Berger,Finance,Female,34,2025-04-21,2026-08-31
20,Jasmine Pham,IT,Female,27,2022-03-17,
21,Sharon Thompson,Finance,Female,47,2020-04-25,
22,Chad Jones,Finance,Male,32,2022-11-03,
23,Stacy Smith,Finance,Male,25,2023-04-17,2024-09-01
24,Elaine Sherman,HR,Female,47,2024-11-01,2026-05-07
25,Mark Rice,Finance,Female,48,2021-01-01,2023-09-16
26,Lawrence Miller,Finance,Female,52,2021-07-14,2021-08-16
27,Connie Willis,Sales,Male,52,2020-10-07,
28,Kathleen Stewart,Marketing,Female,33,2021-04-04,
29,Teresa Gomez,Marketing,Female,54,2021-11-07,2024-05-12
30,Jennifer Gilmore,Marketing,Female,51,2022-05-16,2022-11-15
31,Steven Patterson,Sales,Female,46,2022-04-29,
32,Steve Shields,Finance,Male,23,2023-06-09,
33,Brian Wall,Sales,Female,57,2023-10-06,
34,Anthony Reynolds,Sales,Female,29,2024-03-31,
35,Jamie Drake,Finance,Female,53,2023-04-09,
36,Donna Cooper,IT,Male,28,2020-04-28,
37,Austin Humphrey,Finance,Male,58,2024-06-25,
38,Katherine Williams,HR,Female,38,2021-06-13,
39,Lindsay Foley,Marketing,Female,22,2021-01-28,2022-03-17
40,Jennifer Levy,Sales,Male,50,2020-06-12,
41,Adrian Fleming,HR,Male,46,2022-05-29,2024-01-30
42,Katelyn Bauer,HR,Male,46,2022-02-24,2023-05-22
43,Mario Jones,IT,Female,24,2025-04-07,
44,Jeffrey Conner,HR,Male,55,2021-01-01,
45,William Parker,HR,Female,27,2021-08-24,2023-11-18
46,Robert Bentley,Finance,Male,57,2022-02-24,
47,Katrina George,IT,Female,55,2022-05-18,
48,David King,Finance,Female,45,2022-09-28,
49,Lauren Galvan,Finance,Male,56,2020-02-28,
50,Brittany Smith,IT,Male,49,2021-11-18,2024-07-13
51,James Johnston,Sales,Male,26,2022-03-26,
52,Alexis Foster,Finance,Female,48,2024-10-17,
53,Brooke Yoder,IT,Male,26,2023-05-29,
54,Brooke Miller,IT,Male,22,2020-11-22,
55,Thomas Tran,Finance,Female,37,2021-08-05,
56,Marissa Newton,HR,Female,36,2022-11-30,
57,April Hutchinson,Finance,Female,41,2024-10-07,2027-05-25
58,Rebecca Baker,Sales,Male,24,2024-07-23,
59,Elizabeth Ruiz,Finance,Female,23,2020-12-12,
60,Jeffrey Davis,Sales,Female,37,2023-10-16,
61,Kelly Blair,Finance,Female,27,2023-04-27,
62,James Solomon,Finance,Male,57,2023-02-19,2024-04-04
63,Michelle Cummings,IT,Male,27,2024-11-30,
64,Ashley Rodriguez,Sales,Male,37,2023-04-19,2025-07-13
65,Angela Bennett,Finance,Male,47,2021-08-31,2022-12-17
66,Pam Pierce,Marketing,Female,28,2021-10-08,2024-06-21
67,Paula Savage,HR,Male,52,2023-09-01,
68,Willie Myers,HR,Male,29,2025-02-21,
69,Eugene Smith,Sales,Male,57,2023-04-07,2025-11-28
70,Mitchell Tucker,Marketing,Male,59,2025-04-22,
71,Marcia Greene,Finance,Male,47,2024-05-16,
72,Alyssa Hayes MD,Sales,Male,49,2023-10-03,
73,Teresa Kennedy,IT,Female,30,2021-08-08,
74,Mark Rhodes,Marketing,Female,22,2023-08-03,
75,Thomas Murray,Marketing,Female,56,2025-03-20,
76,Thomas Mitchell,HR,Male,46,2025-03-17,2026-10-06
77,Suzanne Kane,Finance,Female,56,2025-01-29,
78,Karen Hull,Finance,Female,40,2022-05-20,2023-12-23
79,Alan Smith,Sales,Male,60,2025-01-18,
80,Jacob Anderson,Marketing,Female,28,2020-12-28,2022-04-21
81,Kathleen Rivera,Finance,Male,42,2022-04-15,
82,Matthew Jacobs,Finance,Male,56,2020-02-11,
83,Catherine Jones,IT,Female,30,2020-07-02,2021-04-04
84,Nicholas Calhoun,Marketing,Female,46,2022-04-27,2023-02-23
85,Kimberly Miller,IT,Male,28,2023-07-11,
86,Katherine Bailey,IT,Male,25,2025-02-23,
87,Thomas Fields,Finance,Male,60,2024-10-15,
88,Martin Ruiz,Marketing,Female,31,2023-04-26,
89,Justin Taylor,IT,Female,35,2022-08-30,
90,Erin Gray,IT,Male,33,2021-12-27,
91,Melissa Mccullough,HR,Female,38,2020-11-26,2021-08-10
92,Shawn Benitez,Marketing,Male,45,2024-01-08,
93,Daniel White,Marketing,Male,48,2023-09-08,
94,Diana Jacobs,Sales,Male,45,2020-10-20,
95,Jill Morrison,HR,Male,28,2020-08-26,2022-08-25
96,Nicole Clark MD,HR,Female,55,2022-12-20,
97,Kathy Smith,HR,Female,31,2022-06-09,
98,Stephanie Montgomery,IT,Female,30,2020-01-17,
99,Joshua Roth,Sales,Female,44,2023-11-13,
100,William Williams,Sales,Female,29,2021-02-28,
101,Marco Duke,Marketing,Female,24,2023-03-02,2025-04-12
102,John Smith,Marketing,Male,47,2025-01-15,2025-10-21
103,Deborah Rivera,IT,Male,28,2021-12-27,
104,Juan Taylor,Marketing,Male,40,2023-08-27,
105,John Robinson,Sales,Female,37,2024-03-29,
106,Timothy Martinez,HR,Female,23,2024-08-12,2024-12-31
107,Brittany Wright,Marketing,Female,25,2023-04-04,
108,Jennifer Duarte,IT,Female,28,2024-10-07,
109,John Jimenez,Finance,Female,54,2024-07-23,
110,Nicholas Rivera,Finance,Male,39,2024-04-28,
111,Denise Jones,Sales,Male,40,2024-07-07,
112,Kenneth Andrews Jr.,HR,Male,45,2024-07-15,
113,Carrie Torres,Sales,Male,23,2024-08-15,
114,Sherri Larson,HR,Female,48,2021-10-23,2024-02-24
115,Rebecca Joseph,HR,Male,53,2022-02-16,
116,Eric Guerra,Sales,Male,58,2021-04-17,
117,Brenda Miranda,Sales,Male,52,2021-03-24,
118,Jessica Jones,IT,Female,36,2022-04-15,
119,Mary Jenkins,Finance,Female,56,2022-05-25,
120,Katie Anderson,Sales,Male,27,2023-06-30,
121,Kevin Henry,Sales,Male,31,2022-02-18,
122,Brianna Dalton,HR,Male,42,2021-06-08,
123,Lucas Miller,HR,Male,29,2022-02-16,
124,Tammy Allen,IT,Male,57,2021-06-21,2022-11-05
125,Wendy Griffin,IT,Female,38,2024-02-20,
126,Teresa Miller,HR,Female,31,2024-05-16,
127,William Sweeney,Finance,Female,58,2020-02-28,
128,Christopher Johnson,Marketing,Male,59,2023-11-06,
129,Erin Hawkins,HR,Male,56,2022-07-01,
130,Megan Gonzalez,IT,Male,45,2022-03-19,
131,Dana Haynes,IT,Male,39,2021-06-17,2022-09-05
132,Mark Bailey,IT,Male,28,2021-06-09,
133,Alyssa Chavez,Sales,Female,36,2024-07-23,
134,Raymond Rios,IT,Male,43,2024-01-06,
135,Heidi Curtis,IT,Female,27,2023-11-12,2025-03-04
136,Brianna Johnson,Marketing,Male,39,2020-11-26,
137,Kelly Martinez,Sales,Male,37,2024-04-27,
138,Melissa Rose,IT,Male,55,2021-01-28,
139,Savannah Baker,IT,Male,39,2025-02-09,
140,Nicholas Adams,IT,Male,32,2024-05-11,
141,Rachel Smith,Finance,Male,39,2024-07-31,
142,Andrew Harrington,Finance,Female,33,2021-12-28,
143,Sara Dawson PhD,Marketing,Male,52,2021-09-07,
144,Phillip Lee,Finance,Female,28,2022-03-12,
145,Anthony Leon,Sales,Female,57,2022-01-27,
146,Diana Griffin,IT,Female,60,2024-09-26,2025-01-10
147,Jose Fletcher,Finance,Female,35,2023-03-13,
148,Kara Morton,Sales,Male,36,2023-08-09,
149,Brittany Davila,HR,Female,36,2020-03-03,
150,Melissa Ramirez,IT,Female,55,2022-04-07,
151,Stephen Walker III,HR,Male,32,2020-05-13,2022-08-22
152,Kristy Strong,HR,Female,53,2021-06-26,
153,Emily Harrison,Marketing,Male,58,2021-09-30,2022-05-20
154,Sara Yoder,Sales,Female,25,2020-12-05,
155,Tammy Contreras,Marketing,Male,52,2021-08-22,2022-11-25
156,Ralph Smith,Sales,Male,35,2021-01-14,
157,Whitney Miller,Marketing,Male,30,2025-01-26,
158,Kara Kent,Finance,Female,56,2022-09-26,2024-04-16
159,Abigail Christensen DDS,Finance,Male,35,2020-03-06,
160,Dalton Wilson,Sales,Female,38,2020-03-11,2022-06-01
161,Edward Evans,Finance,Female,27,2020-04-20,
162,Ryan Wright,Marketing,Female,22,2021-05-06,
163,Erin Harris,Sales,Male,31,2021-03-26,
164,Adam Walls,IT,Male,31,2024-06-26,2027-02-28
165,Maureen Villarreal,Sales,Male,49,2024-06-23,
166,Mike Parker,Sales,Male,39,2021-04-04,
167,Michelle Barrett,Sales,Female,28,2021-06-26,
168,Ashley Frey,Finance,Female,50,2021-06-24,
169,Jose Anderson,Marketing,Female,57,2024-06-01,2026-11-20
170,Eric Hoover,IT,Male,37,2021-11-22,
171,Bridget Walters,Sales,Female,46,2020-07-26,
172,Christopher Smith,IT,Male,58,2024-07-07,2026-03-21
173,Vanessa Powell,Sales,Female,23,2023-07-27,
174,Anthony Anderson,IT,Male,31,2022-11-14,
175,Brandon Martinez DVM,Sales,Female,52,2023-05-11,
176,David King,Marketing,Male,36,2021-08-30,
177,Scott Long,Finance,Female,55,2021-10-25,
178,Jean Bishop,Finance,Female,35,2022-03-17,2022-04-26
179,Phillip Sherman,HR,Male,26,2025-01-15,2026-05-22
180,Martin Fisher,IT,Female,56,2022-04-12,2024-01-30
181,Daniel Dennis,Sales,Female,47,2025-02-23,
182,Morgan Thompson,Sales,Male,57,2020-02-13,
183,Kelli Chaney,IT,Male,23,2025-02-23,2026-04-27
184,Amber Fernandez,HR,Male,35,2022-10-26,
185,Sheila Yang,Sales,Male,35,2020-12-02,
186,Jeffrey Crawford MD,HR,Male,37,2020-12-25,
187,Julia Mccoy,Marketing,Female,53,2023-08-11,2024-04-16
188,Christopher Ward,Finance,Female,30,2021-03-07,2023-07-30
189,Scott Stokes,Sales,Female,30,2021-10-21,2023-09-11
190,Xavier Barnett,IT,Female,44,2021-03-07,
191,Andrew Macias,Sales,Female,42,2022-02-27,
192,William Berger,Sales,Female,57,2022-12-31,
193,James Hunt,Marketing,Male,60,2023-04-09,
194,David Alexander,IT,Female,58,2022-08-25,
195,Andrew Carr,HR,Male,26,2023-11-21,
196,Trevor Jones,Marketing,Male,34,2021-01-08,2022-03-19
197,Shelley Mills,Sales,Male,41,2022-09-04,2022-12-20
198,Samuel Henderson,HR,Male,53,2020-01-17,
199,Samantha Aguilar,IT,Female,32,2021-08-22,
200,Jacob King,Sales,Male,49,2024-12-09,
201,Danielle Hale,Finance,Female,53,2023-04-04,2025-09-26
202,Christopher Fletcher,HR,Female,59,2024-05-11,
203,Steven Johns,HR,Female,52,2023-08-18,
204,Andrea Simmons,Finance,Female,37,2024-10-02,
205,Robin Medina,Finance,Female,32,2024-03-03,
206,Brandon Castaneda,Finance,Male,51,2025-04-21,
207,Jeffrey Smith,Marketing,Female,46,2022-04-05,
208,Michael Rhodes,HR,Female,29,2024-10-10,
209,Travis Medina,Finance,Male,41,2022-10-14,
210,Felicia Graves,Sales,Female,40,2020-02-25,
211,Andrew Hill,Finance,Female,47,2020-01-19,
212,Wendy Mitchell,Sales,Male,34,2022-05-18,
213,Justin Lester,Marketing,Male,24,2022-11-14,
214,William Johnson,Finance,Female,58,2020-12-26,
215,Dawn Lynch MD,IT,Female,57,2023-03-28,
216,Zachary Mccann,Finance,Male,46,2020-05-31,
217,Kevin Cherry,IT,Female,39,2021-06-09,
218,Tristan Oconnor,Marketing,Female,39,2023-02-09,
219,Willie Montgomery,Marketing,Female,54,2020-05-31,
220,Amanda Barnett,Finance,Female,51,2021-09-05,2024-02-22
221,Michael Odom,Marketing,Female,58,2023-11-12,
222,Tyler Nelson,Finance,Male,41,2023-10-06,
223,Theresa Steele,Sales,Female,29,2021-09-16,
224,Justin Valdez,Sales,Female,51,2022-08-16,2024-02-20
225,Crystal Hicks,Sales,Male,53,2022-03-15,
226,Nicole Clark,IT,Male,43,2024-03-29,
227,Amber Miller,HR,Male,28,2022-04-02,
228,Stacie Hoffman,HR,Female,47,2020-05-24,2022-12-14
229,Mitchell Allen,IT,Female,33,2025-04-22,2027-02-12
230,Emily Keith,Marketing,Male,41,2021-12-10,
231,Haley Bell,HR,Male,25,2024-04-14,2025-06-04
232,Hunter Flynn,HR,Female,59,2020-03-06,
233,Troy Pierce,Marketing,Female,34,2021-10-27,
234,Rebecca Williams,Sales,Female,38,2023-02-09,
235,Howard Sanchez,Finance,Female,36,2024-07-24,
236,Jeffrey Rogers,IT,Female,33,2022-02-04,2024-03-25
237,Ricky Caldwell,Marketing,Male,60,2021-12-28,
238,Andrew Gonzalez,Finance,Female,59,2020-03-11,
239,Holly Jones,IT,Female,41,2023-12-18,
240,Ashley Norton,HR,Male,43,2020-08-12,
241,Bryan Chandler,Marketing,Male,49,2021-02-24,
242,Justin Garcia MD,IT,Male,27,2020-11-03,2021-11-17
243,Carol Wood,IT,Female,29,2020-04-25,
244,Douglas Anderson,Sales,Male,47,2024-08-10,
245,Jason Johnson,IT,Male,29,2020-11-22,2023-01-28
246,Shannon Johnson,HR,Female,39,2025-04-07,
247,John Morrison,Finance,Female,55,2023-08-07,
248,Steven Jones,Finance,Male,25,2022-12-24,
249,Tammy Miller,Sales,Female,38,2021-01-01,
250,Stanley Smith,HR,Male,43,2020-01-04,2020-06-13
251,Aaron Pace,Marketing,Male,35,2020-12-05,2022-09-25
252,Melissa Day,Finance,Male,44,2021-06-09,
253,Amanda Bradley,Finance,Female,55,2023-04-07,
254,Alexander Mcintosh,Marketing,Male,38,2022-12-24,2024-02-01
255,Vanessa Armstrong,Sales,Female,32,2020-03-02,
256,Hannah Wilson,HR,Female,27,2020-10-15,2021-10-19
257,Christopher Valdez,HR,Male,22,2023-03-15,
258,Sean Weiss,Finance,Female,50,2021-06-27,
259,Glenda Freeman,IT,Male,42,2022-07-29,2023-02-12
260,Brett Johnson,IT,Female,52,2025-04-23,2026-05-20
261,Daniel Mcclure,Finance,Female,43,2023-08-01,
262,Tracy Green,Sales,Female,58,2023-11-03,
263,Benjamin Lynch,Sales,Male,44,2024-09-21,
264,Dakota Benson,Sales,Female,27,2024-10-04,2025-04-13
265,Abigail Jones,Finance,Female,37,2020-09-18,
266,Curtis Keller,IT,Female,26,2021-06-17,
267,Terri Sanchez,Finance,Female,27,2022-08-27,2023-08-30
268,Virginia Davis,Sales,Female,46,2023-01-21,
269,Christopher Bowers,Sales,Female,31,2024-06-13,
270,Traci Strong,Finance,Male,32,2021-07-14,
271,Gabriel Griffin,Sales,Female,57,2022-09-22,
272,Jade Williams,HR,Male,34,2025-01-22,
273,Margaret Stokes,Sales,Female,42,2024-01-26,2026-10-18
274,David Hunter,HR,Male,58,2023-08-01,
275,Ashley Brown,IT,Female,51,2024-03-14,2024-09-18
276,Kyle Fields,Marketing,Female,34,2025-03-30,
277,Lisa Mcdonald,Sales,Female,30,2020-12-11,2022-10-30
278,Shannon Turner,Sales,Male,51,2022-05-11,
279,Gary Burns,Finance,Male,36,2024-12-29,2026-09-10
280,Kathryn Chavez MD,IT,Male,45,2024-11-28,2025-06-13
281,Teresa Adkins,Finance,Male,33,2024-11-21,
282,Michael Wright,IT,Female,33,2023-10-07,
283,Terry Hudson,Finance,Male,47,2022-02-10,2024-01-05
284,Regina Oconnor,IT,Male,46,2024-07-02,
285,Bryce Fields,Sales,Male,27,2021-09-07,
286,Matthew Fuller,Finance,Female,54,2022-03-04,
287,Jason Brown,IT,Male,42,2023-09-16,2024-03-28
288,Kathy Lopez,IT,Female,59,2025-03-27,
289,Stephen Lane,Finance,Male,57,2021-06-17,
290,Leah Banks,HR,Female,54,2022-09-17,
291,Andrew Diaz,Sales,Female,32,2021-09-05,
292,Dale West II,HR,Female,56,2022-08-25,2024-09-01
293,Joseph Richards,HR,Female,59,2021-06-17,2022-09-23
294,Tina Delgado,Sales,Female,54,2024-10-07,
295,Megan Miller,HR,Female,25,2021-02-16,2023-01-07
296,Christine Roy,Finance,Male,32,2024-04-19,
297,Kelly Ross,Sales,Female,53,2024-04-28,2024-11-28
298,Janet Frye,IT,Female,46,2023-02-21,
299,John Beck,Sales,Male,39,2021-08-03,2023-09-13
300,Amber Allen,Finance,Female,49,2022-02-10,
301,Kelly Snyder,IT,Male,32,2024-07-17,
302,Lindsay Rhodes,Sales,Female,47,2021-11-18,2023-09-02
303,Debbie Burns,IT,Female,42,2024-11-04,
304,Katie Gibson,Marketing,Male,24,2021-05-29,2021-07-22
305,Kayla Rivera,HR,Female,30,2022-09-17,
306,Shawn Lee,Sales,Female,36,2024-05-24,
307,Christopher Shaw,HR,Female,37,2023-12-15,
308,Cynthia Wright,Finance,Male,58,2021-06-01,2022-12-07
309,Jason Wyatt,Marketing,Female,50,2021-03-09,
310,Michelle Gentry,Sales,Female,48,2023-09-20,2024-04-15
311,Hannah Rivera,IT,Female,47,2022-10-30,
312,Jared Gray,HR,Male,59,2021-11-12,
313,Anthony Mcgee,Marketing,Female,35,2023-04-17,
314,Chad Jones,IT,Female,47,2022-05-25,2023-04-17
315,Cheyenne Martin,HR,Male,49,2023-08-11,
316,Gregory Cortez,Finance,Female,55,2020-07-19,
317,Sarah Lewis,Sales,Female,24,2022-04-13,
318,George Miller,HR,Male,56,2024-08-13,
319,Kimberly Wheeler,IT,Female,55,2021-08-25,2022-03-29
320,Kristin Gates,Finance,Male,42,2025-02-09,
321,Daniel Meyer,Sales,Female,38,2022-12-04,
322,Jay Douglas,Marketing,Female,59,2023-10-23,2025-05-20
323,Stacy Williams,Finance,Male,27,2023-11-11,
324,Billy Rodriguez,Sales,Male,57,2024-01-06,2025-04-08
325,Justin Lee,IT,Male,34,2022-01-27,
326,Robert Wilson,Sales,Female,46,2023-11-13,
327,Samuel Wagner,IT,Male,53,2024-01-10,2024-03-06
328,Annette Johnson DVM,Marketing,Male,42,2020-04-23,
329,Terri Murphy,Finance,Female,33,2023-12-23,
330,Michael Hernandez,Marketing,Female,27,2023-09-19,2024-08-31
331,Nathaniel Poole,HR,Male,23,2022-04-16,2022-12-27
332,Stacey White,Finance,Female,51,2022-10-18,2024-11-08
333,Michelle Moody,Finance,Female,52,2023-12-17,
334,Carly Baker,Finance,Female,43,2024-04-15,2026-05-05
335,Danielle Anderson,IT,Female,25,2022-06-08,2024-10-19
336,Jason Roberts,HR,Male,36,2024-06-13,
337,John Hendricks,Marketing,Male,29,2020-08-02,
338,Samantha Smith,Finance,Female,56,2022-08-30,
339,Steven Roberts,Finance,Male,23,2023-03-02,2024-08-07
340,Regina Flynn,HR,Female,25,2024-01-19,
341,Patrick Morton,Marketing,Male,47,2022-12-03,
342,Edward Kramer,IT,Female,29,2021-07-03,
343,Margaret Horn,IT,Female,48,2021-08-02,
344,Jennifer Sosa,HR,Male,46,2023-12-17,2024-01-16
345,Eric Miller,Sales,Female,37,2024-10-07,
346,Tracey Kerr,HR,Male,50,2022-09-21,
347,Carol King,HR,Male,36,2020-04-25,
348,Donald Jones,HR,Female,38,2025-01-30,2026-12-11
349,William Miller,Finance,Female,44,2022-11-04,
350,Rebecca Tran,Finance,Female,55,2023-01-04,2023-07-11
351,Elizabeth Brown,HR,Male,56,2023-04-07,
352,Susan Wilson,IT,Male,43,2023-06-18,2025-10-28
353,Elizabeth Maynard,Sales,Male,24,2023-05-20,2025-12-29
354,Teresa Acevedo,Marketing,Male,28,2021-01-27,
355,Brianna Evans,HR,Male,56,2020-01-13,2020-03-06
356,Abigail Davis,Finance,Male,34,2022-08-23,2025-04-27
357,Jennifer Perez,IT,Male,50,2020-09-18,2022-05-02
358,Willie Brennan,Sales,Male,60,2025-01-06,
359,Richard Phillips,Sales,Female,28,2025-04-18,
360,Cindy Armstrong,IT,Female,44,2021-08-03,
361,Mary Cowan,HR,Male,35,2021-04-30,
362,Gloria King,IT,Female,49,2024-10-07,2026-12-23
363,Elizabeth Glover,Marketing,Male,36,2023-07-09,
364,Matthew Bowers,IT,Female,34,2020-06-25,
365,Michael Walton,Finance,Male,43,2024-12-06,
366,Bruce Roberts,Marketing,Female,48,2020-07-09,
367,Samantha Maynard,HR,Male,41,2022-09-26,
368,Christopher Webb,Finance,Male,30,2023-01-24,
369,Jordan Thompson,IT,Male,52,2023-04-08,2025-11-09
370,Casey Taylor,Finance,Male,33,2024-02-10,
371,Phillip Lopez,HR,Male,39,2024-03-29,
372,Nicole Jimenez,Sales,Female,54,2024-09-21,
373,Mariah Simpson,HR,Female,58,2021-06-02,2022-12-21
374,Michael Jenkins,IT,Male,33,2021-08-25,
375,Stephen Murphy,HR,Female,38,2022-09-02,
376,Margaret Mann,HR,Male,34,2023-12-02,
377,Todd Webster,IT,Male,25,2022-05-14,
378,Melanie Lopez,HR,Male,52,2024-01-04,
379,Meagan Lopez,IT,Female,50,2021-02-16,
380,Joseph Gonzalez,Marketing,Female,34,2020-09-18,
381,Brandon Cherry,HR,Female,31,2023-04-07,
382,Bethany English,HR,Male,25,2023-10-11,
383,Melanie Wolfe,Sales,Female,59,2024-06-04,
384,Joseph Harris,Finance,Male,39,2023-04-12,2023-11-26
385,Stephanie Williams,IT,Female,26,2021-12-28,
386,Ashley Hall,IT,Female,26,2023-02-19,
387,Thomas Chambers,Finance,Female,38,2024-04-01,
388,William Fuentes,Sales,Female,51,2024-01-06,
389,Jennifer Perez,IT,Male,38,2021-06-02,
390,Stephanie Brown,HR,Female,32,2025-03-18,
391,Erin Bates,Sales,Female,49,2024-07-07,
392,Toni Barnes,Finance,Male,28,2023-01-24,
393,Megan Sims,HR,Female,53,2021-07-14,
394,Andre Moody,IT,Male,39,2020-02-25,
395,Carl Parrish,IT,Female,40,2022-06-08,
396,Kathleen Roberts,HR,Female,41,2022-04-02,
397,Laura Moore,IT,Male,51,2023-05-25,
398,William Orr,HR,Male,42,2021-08-05,
399,Gina Erickson,HR,Female,25,2023-12-17,
400,Kelly Patton,IT,Male,50,2023-04-17,
401,David Castro,HR,Female,49,2025-03-30,
402,Heather Howard,Finance,Male,41,2025-02-19,
403,Jonathan Daniels,IT,Male,30,2024-03-14,2026-01-31
404,Daniel Stanley,Finance,Male,58,2025-03-18,
405,Kathryn Johnson,IT,Male,55,2024-10-30,2025-01-24
406,Rodney Miller,IT,Female,41,2021-09-15,2021-10-22
407,Dean Williams,Finance,Male,44,2023-10-20,
408,Harold Anderson,Finance,Female,41,2024-02-23,
409,Kathleen Lopez,Marketing,Female,51,2020-06-04,
410,Jennifer Burke,Marketing,Male,60,2021-11-18,
411,Mark Brown II,Finance,Female,51,2021-11-26,2023-10-02
412,Ryan Clark,Sales,Male,28,2024-10-30,
413,Sarah Mclaughlin,Sales,Female,33,2020-03-21,
414,Angela Curry,Finance,Female,36,2022-02-12,
415,Erik Dixon,Finance,Male,32,2022-02-11,
416,Megan Greer,Sales,Female,35,2021-01-22,
417,Tina Rush,IT,Female,26,2023-05-22,
418,Jeffrey Kennedy,Sales,Male,35,2021-11-30,
419,Cindy Hudson,HR,Female,49,2021-01-13,2023-06-12
420,Joshua Lopez,IT,Female,28,2020-07-26,2022-03-14
421,Jessica Wilson,IT,Male,39,2020-05-10,
422,Jason Lang,Marketing,Male,26,2021-09-27,
423,Brianna Butler,HR,Female,38,2023-06-30,2024-07-19
424,Caleb Patel,Sales,Male,28,2021-03-26,2023-01-31
425,Tiffany Weiss,IT,Male,58,2022-12-24,
426,Colin Thompson,Marketing,Female,52,2021-10-23,2024-04-20
427,Kimberly Lewis MD,HR,Male,23,2023-03-16,2025-05-11
428,Kevin Cooke,Marketing,Male,59,2021-09-05,
429,Alyssa Jones,Finance,Male,57,2024-09-21,
430,Joshua Gomez,Marketing,Female,22,2021-03-30,
431,Mrs. Julie Mccormick,Finance,Female,55,2022-08-27,2025-05-21
432,Suzanne Woodward,Sales,Female,48,2024-01-22,2025-01-07
433,Victoria Coleman,Sales,Male,55,2025-03-13,
434,Tracy Morris,Sales,Female,44,2022-08-26,
435,Sheryl Cook,Sales,Female,51,2021-08-25,2024-01-12
436,Brandi Villanueva,IT,Male,22,2021-03-09,2021-12-23
437,Angie Smith,IT,Male,43,2023-11-13,
438,Noah Mcgrath,Finance,Female,47,2025-04-21,
439,Cheryl Cruz,Sales,Male,37,2023-06-18,
440,Dawn Kim,Sales,Male,23,2022-02-11,2022-03-22
441,Mr. Daniel Williams MD,IT,Male,44,2023-04-04,
442,Curtis Ware,Marketing,Female,59,2024-03-03,2024-04-10
443,Kelly Lee,HR,Female,41,2022-03-12,
444,Richard Thompson,Sales,Male,24,2025-04-22,
445,Taylor Molina,Sales,Female,25,2024-12-06,
446,Lisa Bradley,Marketing,Male,30,2020-08-02,2021-08-17
447,Shaun George,Finance,Male,24,2022-05-10,
448,Veronica Scott,IT,Male,41,2021-04-17,
449,David Cook,Marketing,Male,36,2020-07-07,
450,Daniel Wall,Marketing,Female,23,2024-03-03,
451,Pam Choi,Marketing,Male,35,2020-01-17,
452,Antonio Chavez,Sales,Male,49,2023-05-22,
453,Tyler Reilly,Finance,Male,22,2021-04-09,
454,Arthur Carroll,Sales,Female,39,2024-08-14,
455,Thomas Harvey,Marketing,Female,36,2020-02-01,2022-10-14
456,Michael Farrell,HR,Male,26,2022-05-11,
457,James Clayton,IT,Male,59,2022-08-17,
458,Heather Roman,IT,Male,40,2025-03-17,
459,Tamara Cisneros,IT,Female,37,2024-08-03,
460,Becky Webb,HR,Female,46,2020-11-08,
461,Mary Davis,Finance,Female,57,2022-03-15,2024-08-01
462,Amy Contreras,IT,Female,24,2025-02-09,2025-08-29
463,Brandon Lewis,HR,Male,54,2025-03-07,2026-08-08
464,Jay Manning,Sales,Male,50,2023-03-28,
465,Michael Brennan,HR,Male,52,2020-06-07,2021-08-20
466,Thomas Thomas,HR,Female,24,2021-02-17,
467,Wayne Guerra,Sales,Male,22,2020-03-25,
468,Michael Lewis,IT,Male,35,2024-02-17,
469,Brittany Santos,HR,Male,48,2024-06-02,
470,Elijah Andrews,Sales,Female,32,2020-05-31,
471,Matthew Mcguire,HR,Male,47,2023-09-12,
472,Daniel Williamson,Sales,Male,49,2022-11-20,
473,Ralph Marquez,Sales,Male,37,2022-04-08,
474,Robert Chapman,IT,Female,41,2021-01-11,
475,Jennifer Gallagher,IT,Female,34,2022-05-20,
476,Jeffrey Brown,Marketing,Female,40,2020-06-17,
477,Mr. Jason Jacobson Jr.,IT,Female,49,2024-12-11,2027-06-22
478,Laura Collins,Finance,Male,44,2022-11-22,2023-03-02
479,Nicholas Davis,Finance,Female,49,2025-04-18,
480,Sarah Wright,Marketing,Male,38,2022-07-28,
481,Kenneth Hale,Finance,Male,32,2021-05-28,2022-03-12
482,Matthew Gonzalez,HR,Male,31,2023-01-04,2025-08-27
483,Laura Brown,HR,Male,38,2022-09-01,2024-04-22
484,Thomas Gill,Sales,Female,36,2024-07-31,
485,Christina Austin,IT,Male,51,2021-10-25,
486,Larry Meyer,Marketing,Male,22,2023-12-23,
487,Heather Brown,Sales,Female,35,2024-01-22,
488,Christina Proctor,Finance,Female,48,2021-12-02,
489,Amy Martinez,Sales,Male,56,2020-02-25,
490,Julia Bates,Finance,Female,51,2021-09-30,2022-09-06
491,Terry Moran,Sales,Female,45,2021-02-09,2022-12-04
492,William White,Sales,Male,52,2022-02-18,2023-09-21
493,Tonya Smith,Finance,Male,33,2024-10-14,
494,Allison Perkins,HR,Male,55,2024-10-07,
495,Kelly Martinez,Sales,Male,43,2021-02-13,2023-05-17
496,Brittany Moreno,Marketing,Male,60,2024-12-15,
497,Robin Daniels,HR,Female,24,2023-08-27,
498,Mark Rhodes,Sales,Male,38,2021-01-01,2021-03-25
499,Pedro Garcia,HR,Male,47,2020-08-28,2023-02-13
500,Robert Baker,Finance,Female,52,2021-01-02,
501,Mary Flores,HR,Male,47,2024-12-07,
502,Kathryn Craig,Marketing,Female,26,2023-08-27,
503,Samantha Glenn,Marketing,Female,43,2024-09-06,
504,Linda Martinez,IT,Male,31,2022-10-26,
505,Sandra Mcdowell,IT,Female,24,2022-02-10,
506,Eric Roy,Marketing,Male,56,2020-12-05,
507,Elizabeth Orozco,HR,Male,40,2021-02-24,
508,Amanda Hall,HR,Male,50,2021-11-10,2022-10-28
509,Deborah Davis,Sales,Female,55,2024-04-01,2025-10-15
510,Molly Kelly,HR,Male,54,2023-08-01,2025-01-30
511,Anita Webb,HR,Female,34,2020-12-24,
512,Robert Briggs,HR,Male,25,2020-01-07,2021-12-16
513,Shane Le,Marketing,Female,32,2022-06-23,2025-03-11
514,Daniel White,IT,Male,58,2021-02-10,
515,Andrea Kirk,HR,Female,46,2024-07-29,2025-07-28
516,Kevin Wilson,HR,Female,22,2025-04-21,
517,Ashley Diaz,Sales,Male,44,2023-10-31,2026-01-07
518,Mark Steele,Marketing,Female,49,2021-06-02,
519,Ashley Adams,HR,Male,35,2023-03-17,
520,Michael West,HR,Male,25,2022-07-13,
521,Arthur Adams,IT,Male,59,2022-06-12,2023-07-21
522,Douglas Cabrera,Finance,Female,51,2020-07-18,
523,Veronica Armstrong,Marketing,Male,45,2023-04-21,2024-03-24
524,Terry Johnson,Finance,Male,29,2023-01-06,2025-07-29
525,Lauren Long,Sales,Female,28,2024-09-03,
526,David Perez,Sales,Male,46,2024-05-28,
527,Brian Lopez,Sales,Male,47,2024-06-04,
528,Sharon Yoder,IT,Male,49,2021-01-25,
529,Michele Butler,Finance,Male,26,2022-05-11,
530,Matthew Hernandez,Finance,Female,32,2024-08-20,
531,James Bailey,Sales,Female,28,2020-03-25,
532,Jasmine Huffman,Finance,Female,39,2020-05-24,2020-09-25
533,Ann Thomas,Finance,Female,53,2020-05-24,
534,Elizabeth Brown,Marketing,Female,54,2021-04-13,
535,Christian Jones,Marketing,Male,24,2021-01-02,2022-11-29
536,Kelly Wade,Marketing,Female,54,2020-02-17,2020-09-17
537,Diane Sharp,Finance,Male,29,2020-09-18,
538,Travis Campbell,HR,Male,51,2023-07-04,
539,Jennifer Burnett,Finance,Male,59,2023-06-30,
540,Brandy Bryant,Sales,Male,54,2022-02-25,2024-03-23
541,Kelsey Collins,Marketing,Female,41,2021-01-13,
542,Manuel Collins,Marketing,Male,32,2021-06-02,
543,Ellen Parks,IT,Male,40,2022-08-20,
544,Jessica Mason,Sales,Female,47,2022-05-12,2024-10-16
545,Marcus Poole,HR,Male,60,2020-09-12,
546,Donald Weber,Sales,Female,47,2022-09-14,
547,Jennifer Perez,Sales,Male,38,2021-10-27,
548,Matthew Washington,IT,Female,25,2024-08-29,
549,Jeffrey Ayala,HR,Female,32,2020-06-12,
550,Gloria Adams,Marketing,Female,51,2024-02-13,
551,Christopher Santos,HR,Male,34,2020-03-11,2022-12-04
552,Keith Griffin,Sales,Male,43,2022-08-23,
553,Nicholas Spears,Marketing,Female,52,2022-04-27,2023-11-27
554,Danielle Bennett,IT,Male,53,2020-07-29,2021-12-29
555,Thomas Franklin,Sales,Male,55,2020-02-27,
556,Lisa Craig,IT,Male,55,2022-01-30,2023-06-06
557,Derek Mcgrath,Finance,Female,56,2025-02-19,2027-01-31
558,Samuel Scott,Finance,Female,34,2024-05-16,
559,Sharon Carrillo,IT,Male,30,2024-03-15,2026-03-29
560,Nicole Sanchez,Finance,Female,25,2021-02-23,
561,Chad May,HR,Female,50,2022-05-18,2022-09-13
562,Jorge Williams,IT,Male,51,2025-03-18,
563,Calvin Lindsey,Marketing,Female,54,2020-05-28,
564,Edward Stephens,Sales,Male,33,2023-11-10,
565,Jessica Walls,IT,Male,51,2020-11-26,2021-03-02
566,Adam Richardson,Marketing,Male,50,2023-05-29,
567,Heather Rosario,Sales,Male,34,2024-06-24,
568,James Wheeler,Finance,Male,30,2023-05-25,
569,Emily Frey,Sales,Male,28,2024-04-28,
570,Michelle Torres,Sales,Male,25,2021-01-22,
571,Regina Espinoza,Finance,Female,59,2025-02-07,
572,Andrew Morales,Finance,Male,51,2023-02-19,
573,Martin Wright,IT,Female,50,2020-09-17,2022-01-10
574,Timothy Freeman,IT,Female,55,2024-06-11,
575,Thomas Williams,Finance,Male,39,2021-01-27,
576,Timothy Waters,HR,Male,24,2021-03-29,
577,Thomas Smith,HR,Male,49,2020-05-24,
578,Frances Scott,IT,Female,32,2022-10-12,
579,David Raymond,Sales,Female,24,2021-11-18,
580,Emily Bernard,IT,Male,55,2023-04-17,2025-10-01
581,Jesse Chambers,Sales,Male,40,2024-09-22,
582,Matthew Bolton,Marketing,Male,52,2021-08-22,
583,Garrett Nichols DVM,IT,Male,54,2020-01-06,
584,Bradley King,IT,Male,26,2022-12-04,
585,Crystal Hawkins,HR,Male,29,2021-11-19,
586,Adrian Castro,IT,Male,47,2021-07-14,
587,Alejandra Hill,Marketing,Female,48,2024-12-09,2027-08-17
588,Brian Johnson,IT,Female,39,2024-10-07,2026-10-24
589,Paul Hall,Marketing,Male,47,2022-02-27,2022-09-17
590,Sara Lee,Sales,Female,56,2023-02-09,2023-09-02
591,Amanda Gibson,HR,Male,56,2021-06-26,
592,Kyle Wilson,Marketing,Female,27,2024-06-06,
593,Joseph Campbell,HR,Female,34,2024-01-26,
594,Jonathan Sheppard,Finance,Male,37,2022-06-07,2022-08-18
595,Melissa Hernandez,IT,Male,58,2021-03-29,
596,Danielle Jones,Finance,Male,35,2021-04-19,
597,Julie Skinner,IT,Male,22,2023-04-12,
598,Aimee Hamilton,Finance,Female,34,2024-08-01,2024-10-14
599,Erin Garcia,HR,Male,53,2022-02-16,
600,Jose Fields,HR,Male,32,2020-06-20,2021-09-06
601,Christopher Reyes,Sales,Male,28,2025-01-09,2025-05-13
602,Jon Mcdonald,HR,Female,36,2022-04-16,2023-03-02
603,Kyle Hicks,IT,Male,35,2023-10-16,2025-01-15
604,Ariana Kirby,HR,Male,53,2024-01-10,
605,Linda Fischer,IT,Male,23,2021-09-27,
606,Kimberly Patterson,Sales,Male,29,2024-06-24,
607,Brian Moreno,Sales,Female,47,2022-10-03,
608,Michael Martinez,Finance,Female,24,2023-04-24,
609,Hector Smith,Marketing,Female,53,2024-01-06,2026-04-15
610,Kenneth Johnson,Finance,Female,50,2022-07-16,
611,Clarence Wolfe,Marketing,Female,60,2023-10-23,
612,Diane Avila,IT,Female,54,2024-01-08,2025-05-02
613,Sarah Khan,HR,Female,50,2024-08-18,2025-08-30
614,Lisa Blackwell,Marketing,Male,50,2021-05-21,
615,Julia Mason,IT,Female,31,2022-01-15,
616,Taylor Nelson,Sales,Female,54,2021-05-28,
617,Vincent Craig,Finance,Male,38,2024-03-25,
618,Brittany Walker,Marketing,Female,22,2025-03-27,
619,Joshua Gonzales,HR,Female,60,2020-06-05,2021-01-31
620,Jimmy Clark,Sales,Female,49,2021-03-04,2021-12-04
621,Jeffrey Patterson,IT,Male,37,2021-08-24,
622,Randy Reyes,IT,Male,60,2022-04-07,
623,Kathryn Barajas,Marketing,Female,48,2021-11-16,
624,Stacie Parker,Marketing,Female,50,2024-12-06,
625,Adam Thomas,Sales,Female,55,2021-12-28,2022-01-29
626,Jeanne Clark,IT,Female,59,2021-04-07,
627,Monica Thompson,HR,Male,42,2020-08-08,
628,Laura Huang,Sales,Male,25,2021-01-11,
629,Paul Meyers,HR,Female,48,2020-09-18,
630,Jerry Peters,IT,Male,24,2022-04-07,
631,Christy Lyons DDS,IT,Female,45,2024-10-07,
632,Charles Caldwell,Finance,Female,49,2022-02-10,2024-10-17
633,Stephanie Reese,Finance,Male,49,2023-08-29,2024-10-25
634,Alison Reese,HR,Female,55,2020-04-23,
635,Nicole Adams DVM,Marketing,Male,35,2021-05-06,2023-10-03
636,Anthony Fletcher,Finance,Male,57,2020-10-24,2020-12-17
637,Stephen Poole,IT,Male,42,2022-01-19,2022-05-05
638,Tracy Fuller,Marketing,Male,36,2020-02-01,
639,Stephen Davis,HR,Female,27,2024-05-25,
640,Christine Harris,Sales,Female,25,2024-06-06,
641,David Serrano,IT,Female,31,2025-02-07,
642,David Green,Finance,Male,42,2020-04-03,
643,Anna Clements,Finance,Male,50,2021-01-16,2021-08-11
644,William Cruz,Sales,Female,22,2025-02-25,
645,Laura House,IT,Male,57,2021-09-11,
646,Adam Carter,Sales,Female,39,2021-02-28,2021-08-07
647,Joseph Williams Jr.,IT,Female,38,2021-02-01,
648,Brian Reyes,Sales,Male,58,2024-10-28,
649,Meagan Stevens,Sales,Male,32,2021-01-02,
650,Molly Nelson,Finance,Female,26,2021-10-25,
651,Matthew Bates,IT,Male,45,2020-11-26,2022-10-07
652,Rachel Harris,IT,Male,44,2020-03-29,2020-11-15
653,Veronica Robinson,IT,Male,36,2023-05-21,2023-10-12
654,Melody Ramos,Finance,Female,39,2024-01-08,2025-08-28
655,Katrina Perkins,Marketing,Female,42,2020-03-03,2021-06-11
656,Timothy Campbell,Marketing,Female,60,2024-05-25,
657,Keith Conner,Sales,Female,28,2020-06-17,2022-09-09
658,Shannon Nichols,Sales,Female,40,2021-01-16,2022-01-11
659,George Williams,HR,Male,52,2021-07-06,
660,Veronica Nolan,IT,Female,31,2023-03-02,
661,Angela Scott,Finance,Female,23,2022-09-18,
662,Joshua Sullivan,Sales,Male,50,2024-11-10,
663,Anthony Edwards,HR,Female,55,2024-05-04,
664,Alexandra Clark,HR,Male,42,2023-10-16,2026-06-13
665,John Graham,IT,Female,59,2021-08-05,
666,Julian Hopkins,Sales,Female,35,2022-03-01,
667,Sharon Flynn,IT,Male,53,2020-02-21,
668,Anita Contreras,Finance,Male,45,2021-11-16,
669,Christy Henderson,Marketing,Male,34,2024-09-03,
670,Erik Thompson,Marketing,Male,43,2024-06-11,2026-02-20
671,Tonya Austin,IT,Female,23,2023-03-17,2024-04-01
672,Steven Rogers,HR,Female,55,2023-03-26,
673,Angelica Cox,Marketing,Male,54,2020-06-07,2022-01-31
674,Emily Johnson,IT,Male,35,2023-08-18,
675,Robert Ramirez,Sales,Female,28,2024-07-02,2025-11-14
676,Nicolas Clarke,IT,Female,48,2022-04-16,2023-07-20
677,Mario Pierce,Finance,Female,51,2023-04-12,
678,Glenn Hodges,Finance,Male,38,2020-01-06,
679,Daniel Wilcox,IT,Male,60,2023-08-01,
680,Mia Simpson,Marketing,Female,33,2021-09-05,2024-04-02
681,Brooke Fields,HR,Male,38,2022-12-20,2024-11-05
682,John Carson,Finance,Male,54,2022-10-18,
683,Matthew Keller,HR,Female,34,2022-09-21,2024-07-23
684,Alex Simpson,HR,Male,40,2020-10-03,2021-05-08
685,Ronald Herring,Finance,Male,24,2023-08-05,
686,Samantha Taylor,Sales,Male,48,2021-02-28,2022-03-08
687,Steven Hill,HR,Female,35,2024-10-10,2025-04-26
688,Amanda Hamilton,Marketing,Male,37,2023-11-10,
689,Elaine Murphy,HR,Male,26,2020-07-02,2021-11-23
690,Antonio Farmer,Sales,Male,46,2025-02-17,
691,John Gonzalez,Sales,Female,58,2021-07-03,
692,Sarah Davis,Marketing,Female,25,2020-09-18,2023-03-03
693,Jason Davis,HR,Female,58,2023-05-07,
694,Dustin Savage,HR,Male,56,2023-01-12,
695,Jose Hill,Finance,Male,48,2023-02-21,2025-09-13
696,Kendra Smith,Marketing,Female,25,2021-04-04,
697,Donna Buchanan,HR,Male,44,2024-12-09,
698,Christopher Montgomery,Sales,Male,33,2021-09-05,2024-04-19
699,Joseph Shaw,Marketing,Male,55,2021-04-09,2023-03-03
700,Valerie Moore,HR,Male,42,2025-01-05,
701,Abigail Barker,Finance,Female,26,2024-08-12,
702,Edwin Carpenter,HR,Male,42,2022-10-10,2024-05-05
703,Mr. Ronnie Bauer DDS,Sales,Male,37,2020-03-27,2020-07-27
704,Angela Stein,Sales,Female,23,2023-08-07,
705,Laura Leon,Sales,Female,45,2024-12-20,
706,Cameron Roman,Marketing,Female,51,2020-12-04,2021-05-30
707,Amy Brown,IT,Female,60,2024-04-22,
708,Kimberly Adkins,Finance,Male,49,2024-01-19,
709,Joseph Clarke MD,Marketing,Male,53,2021-11-13,2022-02-09
710,Joan Dougherty,Marketing,Female,25,2021-09-16,
711,Kiara Mccormick,Finance,Female,37,2023-03-13,2023-07-06
712,David Lee,Sales,Male,43,2022-11-14,
713,Sean Rodriguez,Sales,Male,33,2020-06-04,
714,Elizabeth Anderson,Finance,Female,47,2024-07-19,2027-01-21
715,Yvonne Lopez,IT,Female,25,2022-06-11,
716,Nicole Ortega,Sales,Male,22,2024-11-12,
717,Patrick Frazier,HR,Male,44,2020-07-28,
718,Daniel Stewart,Marketing,Female,39,2022-12-07,
719,Dean Boyd,IT,Male,27,2021-02-10,
720,Emily Duncan,Marketing,Female,35,2021-08-05,2024-02-14
721,Mrs. Amy Ramirez,HR,Female,42,2023-05-06,
722,Walter Smith,IT,Male,40,2021-06-21,
723,Kevin Thompson,HR,Female,57,2020-02-17,
724,David Bell,Finance,Male,51,2021-08-03,
725,Nicholas Hammond,Sales,Female,22,2020-02-06,
726,Jesse Joseph,IT,Male,40,2021-02-15,
727,Sarah Alvarado,IT,Male,26,2023-03-04,2024-09-05
728,Steven West,Marketing,Female,57,2020-06-17,2021-04-08
729,Joseph Richardson,IT,Female,56,2021-03-13,
730,Katie Douglas,IT,Male,28,2023-06-23,
731,John Edwards,Finance,Female,53,2022-02-14,
732,Jasmine Anderson,Sales,Male,56,2022-05-29,
733,Steven Thomas,IT,Male,47,2020-06-20,2022-09-13
734,Eric Smith,Sales,Female,41,2020-04-23,
735,April Schaefer,HR,Female,42,2020-11-22,2022-10-21
736,Emily Harmon,IT,Male,23,2022-09-13,
737,Renee Ferguson,HR,Female,25,2021-08-22,
738,Shane Hinton,Sales,Female,60,2024-02-12,
739,Troy Perry,Marketing,Male,47,2020-08-07,
740,Diane Summers,IT,Male,25,2025-01-15,
741,Patrick Rubio,HR,Male,59,2020-10-27,
742,Heather Wiggins,IT,Male,31,2025-02-24,
743,Jerome French,HR,Female,46,2020-02-12,
744,Mary Edwards,Sales,Male,38,2022-11-25,
745,Jane Cummings,Marketing,Male,29,2021-09-15,
746,Jacob Mcguire,IT,Female,43,2023-11-30,
747,Daniel Serrano,IT,Female,26,2023-02-21,
748,James Mitchell,Sales,Male,56,2021-03-17,
749,Jay Jones,IT,Female,35,2024-01-03,2025-09-04
750,Natalie Smith,IT,Male,50,2025-02-25,
751,Clinton Mathis,Sales,Male,60,2024-08-29,
752,Olivia Lopez,Sales,Female,27,2021-06-15,
753,Dana Flowers,HR,Male,50,2021-05-21,
754,Susan Solomon,IT,Female,54,2021-05-06,
755,Elizabeth Hill,Finance,Female,37,2024-03-31,2025-06-05
756,Juan Brown,HR,Female,57,2020-08-29,
757,Daniel Hernandez,IT,Male,29,2020-02-16,2022-04-08
758,Samantha Foster,Sales,Male,59,2022-04-10,
759,Fernando English,HR,Female,49,2024-03-31,
760,Jason Jefferson,Sales,Female,48,2023-04-10,
761,Jeremy Mitchell,Marketing,Male,54,2020-03-29,
762,William Butler,Marketing,Male,58,2021-03-07,
763,Tanner White,Marketing,Female,60,2023-04-21,
764,Aaron Gardner,HR,Female,22,2024-11-30,
765,Michael Howard,Sales,Male,38,2022-10-03,2024-09-20
766,Daniel Miller,Sales,Female,23,2024-05-07,2024-08-01
767,Frederick Mason,Marketing,Female,35,2021-09-07,
768,Christopher Houston,Sales,Male,50,2020-10-15,
769,Holly Ward,Marketing,Female,30,2023-12-03,
770,Stephen Willis,HR,Female,44,2021-08-08,2021-11-21
771,John Gill,Sales,Female,47,2023-12-25,
772,Kelli Walker,Finance,Male,29,2022-03-15,
773,Benjamin Brown,Finance,Female,28,2020-03-27,2022-03-07
774,Edward Cuevas,Finance,Female,38,2023-11-13,
775,Evan Greene,Marketing,Female,56,2021-01-19,
776,Kathleen Peters,Marketing,Female,31,2020-10-12,
777,Bridget Wilcox,Marketing,Male,44,2023-10-16,
778,Natalie Williams,IT,Female,38,2023-09-12,
779,Joe Hopkins,Marketing,Female,35,2020-10-15,
780,Brandon Branch,Finance,Male,33,2022-07-17,
781,Taylor Rose,IT,Female,36,2020-12-11,2022-05-16
782,Jose Sanders,HR,Female,27,2024-07-23,2025-04-01
783,Seth Martin,Finance,Female,34,2025-03-20,
784,Heather Reed,HR,Female,46,2022-09-18,
785,Patrick Pineda,Marketing,Male,56,2021-06-24,2021-11-10
786,Donna Jackson,Marketing,Female,26,2021-02-15,2023-04-03
787,Dana Smith,Sales,Female,42,2021-10-05,2022-11-28
788,Laura Francis,IT,Male,42,2024-06-21,2027-01-19
789,Alex Moran,Finance,Female,41,2025-02-09,
790,Shawn Bates,Sales,Male,39,2020-02-25,2020-11-06
791,Sandra Brown,Finance,Female,49,2023-02-28,2024-11-27
792,Edward Miller,Finance,Male,25,2024-01-04,
793,Jermaine Orr,IT,Male,35,2020-02-08,
794,Kaitlin Mcgee,Sales,Female,44,2025-02-25,
795,Leonard Adams,IT,Male,22,2021-01-28,
796,Patrick Anderson,HR,Male,59,2020-09-18,2021-03-10
797,Connor Frost,Sales,Female,34,2024-08-01,2025-08-26
798,David Short,IT,Male,24,2024-03-25,2026-06-29
799,Jeremy Molina,Finance,Female,49,2024-12-23,
800,Jeffrey Hanson,Marketing,Male,27,2021-01-22,2022-03-04
801,Todd Mcbride,Sales,Male,44,2021-02-09,2023-05-18
802,Olivia Green,HR,Male,57,2020-08-26,
803,Judy Martinez,Finance,Male,37,2024-07-23,2025-12-22
804,Casey Williams,HR,Male,28,2021-04-28,
805,Michael Olson,IT,Female,51,2021-02-05,
806,Julie Hamilton,Marketing,Male,35,2024-07-06,
807,April Wells,IT,Female,46,2020-12-26,2023-08-20
808,Leah Perez,Marketing,Female,51,2021-12-27,
809,Mark Harris,Sales,Female,25,2020-03-06,
810,Angela Johnson,Marketing,Male,33,2020-04-03,
811,Julia Haney,Sales,Male,32,2020-04-23,
812,Mr. John Benton DDS,HR,Female,49,2021-12-04,
813,Jackie Barr,IT,Female,33,2020-05-10,2022-05-16
814,Mia Reed,Sales,Female,43,2024-07-23,
815,Brandon Leon,Finance,Male,32,2020-06-21,
816,Donna Potts,Finance,Female,58,2022-03-20,2024-07-19
817,David Malone,IT,Male,60,2022-09-14,
818,Cheryl Ortega,HR,Female,40,2021-01-16,
819,Gary Barnes,Marketing,Female,24,2020-11-16,2022-05-25
820,Roger Park,HR,Male,36,2021-11-13,
821,Linda Brown,Marketing,Male,31,2024-02-25,
822,Ryan Stevens,HR,Female,39,2020-03-02,
823,Dennis Frazier,IT,Female,23,2025-02-28,
824,Brian Hunt,Marketing,Male,24,2022-08-24,2024-10-07
825,Jose Cross,Finance,Male,43,2025-03-18,
826,Amanda Butler,Finance,Male,37,2024-02-12,
827,Kathryn Jones,Sales,Female,22,2021-07-14,
828,Nicholas Moss,IT,Male,38,2022-12-04,
829,Diane Hodges,Finance,Female,25,2022-04-07,
830,Anthony Douglas,IT,Female,22,2022-03-23,
831,Jessica Rivera,IT,Female,44,2024-12-15,
832,Dillon Kent,Marketing,Female,44,2024-08-18,
833,Faith Davidson,IT,Male,33,2024-04-02,
834,Jennifer Lee,Finance,Male,27,2024-05-21,
835,Travis Richards,Finance,Female,30,2020-08-24,
836,Dr. Wayne Ortiz MD,Finance,Female,37,2022-02-14,
837,Brad Wood,HR,Male,31,2021-11-22,
838,Bobby Coleman,IT,Female,55,2022-05-14,2024-08-12
839,Tracy Cruz,HR,Male,27,2022-04-11,
840,Tanya Hurst,HR,Female,54,2020-06-07,
841,Carolyn Long,IT,Female,31,2022-01-27,
842,Samuel Morris,Finance,Male,27,2022-07-05,2023-07-15
843,Michael Bush,Sales,Male,34,2023-07-04,
844,Derek Munoz,Marketing,Female,42,2020-08-07,2023-04-25
845,Alyssa Wagner,Finance,Male,36,2021-05-20,2023-12-31
846,Michelle Butler,Sales,Female,22,2020-10-24,
847,Dr. Kimberly Johnson,IT,Male,30,2022-02-04,
848,Duane Williams,Sales,Male,22,2022-09-25,
849,Linda Gonzalez,HR,Male,52,2021-03-17,
850,Laura Moore,Finance,Female,25,2022-04-07,
851,Christopher Roberts,HR,Male,32,2024-05-21,
852,Shane Sullivan,Finance,Female,30,2022-02-27,
853,Sarah Richmond,HR,Female,41,2022-08-27,
854,Jose Ferrell,Finance,Male,56,2023-12-20,2024-04-23
855,Patricia Evans,Finance,Male,44,2021-03-13,
856,Tyler Blake,IT,Female,49,2020-02-21,2022-07-17
857,Angela Bruce,IT,Female,59,2024-11-30,
858,Mrs. Shelley Mitchell DVM,IT,Male,26,2024-02-17,
859,Aaron Matthews DDS,IT,Male,36,2024-10-30,
860,Victoria Ward,IT,Male,44,2020-08-12,2021-06-26
861,Robert Steele,Finance,Male,36,2021-06-15,2023-01-27
862,Sophia Johnson,Finance,Male,33,2023-02-28,
863,Nathan Vazquez,Sales,Male,51,2023-07-19,2024-06-05
864,Alexis Guerrero,Marketing,Male,43,2021-08-26,2022-07-23
865,Colleen Miranda,HR,Male,48,2023-03-17,
866,Eileen Palmer,HR,Male,59,2022-03-01,
867,Jeffrey Farley,IT,Female,36,2024-11-28,
868,Travis Campbell,Finance,Male,52,2023-06-09,
869,Charles Jones,IT,Male,34,2024-12-29,2027-03-10
870,Howard Cowan,Finance,Female,49,2023-02-09,
871,Michael Cruz,Sales,Male,33,2023-03-28,
872,Rebecca Garcia,Marketing,Female,57,2025-01-29,2027-01-20
873,Robert Berg,Finance,Male,53,2023-04-17,
874,Ian Martinez,Sales,Female,23,2022-09-01,
875,Christopher Ball,Sales,Female,42,2021-05-09,
876,Megan Chen,IT,Male,32,2023-08-22,
877,Jeffrey Downs,IT,Female,57,2020-06-03,
878,Andrew Page,Finance,Female,46,2021-08-05,2023-10-07
879,Ashley Rodriguez,Marketing,Male,23,2025-03-09,2026-02-27
880,Jennifer Boyd,IT,Female,31,2020-01-19,
881,Lindsey Harding,Sales,Female,37,2021-06-26,
882,Troy Gamble,IT,Female,38,2025-04-11,
883,Laura Clark,Marketing,Male,46,2024-12-03,
884,Mallory Smith,HR,Female,54,2020-08-07,
885,Joel Glass,Sales,Male,36,2023-02-25,
886,Shannon Williams,IT,Female,55,2021-01-13,
887,John Wells,Marketing,Female,24,2024-05-11,
888,Christian Douglas,Sales,Male,48,2025-02-17,
889,Jermaine Perez,IT,Female,47,2021-05-29,
890,Lindsey Alvarez,Finance,Male,23,2025-03-20,2027-03-01
891,Erin Atkins,HR,Male,39,2020-06-12,2022-03-13
892,Angela Phelps,HR,Male,35,2021-06-26,2022-08-13
893,Kendra Underwood MD,Finance,Female,41,2021-06-25,
894,Lisa Adams,Finance,Male,33,2024-01-04,
895,Richard Carter,Marketing,Male,46,2022-10-26,
896,Theresa Bennett,Marketing,Male,30,2024-08-13,2026-09-20
897,Kelly White,HR,Male,42,2023-03-02,
898,Jessica Schmidt DDS,Marketing,Male,54,2020-04-25,
899,Robert Jones,Finance,Male,56,2022-10-21,
900,Peter Quinn,IT,Male,29,2021-11-19,
901,Maria Horton,Sales,Male,32,2024-11-28,2027-05-15
902,James Black,Sales,Male,25,2020-12-10,
903,Jodi Fitzgerald,HR,Male,41,2025-04-22,
904,Sara Smith,Marketing,Female,47,2020-06-04,2021-10-24
905,Charles Mercado,Finance,Male,50,2025-02-09,
906,Jose Gibson,IT,Female,35,2022-11-25,
907,Kristie Sullivan,Marketing,Female,29,2024-01-04,2026-02-27
908,Jacob Carr,Marketing,Male,26,2021-04-04,
909,Andrea Davis,Finance,Female,54,2023-08-01,2025-04-06
910,Gabriel Cook,IT,Male,51,2024-05-11,
911,Richard Davidson,IT,Male,53,2020-03-06,2021-07-23
912,Richard Wood,Sales,Male,28,2020-07-19,2022-04-25
913,Mitchell Carr,Sales,Male,27,2020-11-18,
914,Sara Simmons,Sales,Female,50,2024-04-02,
915,Jennifer Long,Finance,Male,54,2025-03-16,
916,Richard Wilson,HR,Female,39,2021-04-22,
917,Brian Mahoney,Marketing,Female,56,2024-05-07,
918,Robert Mann,Sales,Male,23,2023-05-12,2025-08-27
919,James Thomas,Finance,Male,55,2021-11-13,
920,Steven Porter,Sales,Female,28,2024-11-08,
921,David Potter,IT,Female,41,2023-10-07,2026-01-09
922,Blake Sutton,HR,Male,49,2023-03-08,
923,John Miller,HR,Male,32,2021-09-30,2022-02-26
924,Eric Jarvis,Finance,Female,27,2020-04-16,
925,Brittney Morgan,IT,Male,53,2021-08-22,
926,Christina Gordon,IT,Female,44,2021-11-25,2023-03-05
927,Shelly Bautista,HR,Female,57,2024-07-28,2027-03-28
928,Travis Brown,Marketing,Male,52,2025-02-28,
929,Jasmine Wilson,Sales,Male,24,2022-01-01,2022-03-07
930,Jeremy Garcia,IT,Female,22,2021-08-03,
931,Lauren Jackson,Sales,Female,23,2022-12-05,
932,Anna Greene,Sales,Female,31,2022-02-12,
933,Ricky Higgins,HR,Male,28,2022-11-20,2024-03-25
934,Jesse Jensen,Marketing,Male,26,2020-12-09,2023-01-08
935,Manuel Johnson,Sales,Female,47,2023-11-11,
936,Sylvia Davis MD,IT,Female,23,2021-12-03,2022-01-16
937,Jill Hines DDS,Sales,Male,50,2024-04-17,
938,Vickie Lane,Finance,Female,30,2020-09-15,
939,Erica Reed,Finance,Male,51,2022-10-07,
940,Charles Mcgrath,HR,Female,22,2025-02-26,
941,Roger Figueroa,Sales,Female,35,2023-02-14,
942,Curtis Jones,HR,Female,37,2020-02-26,
943,Jacob Jackson,HR,Male,37,2021-11-18,
944,Haley Hardy,HR,Male,38,2024-08-13,2025-02-03
945,Mark Henry,Finance,Male,58,2024-06-23,
946,Leslie Atkinson,Marketing,Female,33,2022-09-02,
947,Aaron Wright,HR,Female,28,2022-10-10,
948,Jennifer Thompson,Marketing,Male,36,2020-06-12,
949,Brian Hatfield,Finance,Female,32,2023-05-06,2024-03-03
950,Brandon Lee,Finance,Female,52,2022-11-22,2025-06-28
951,Meghan Lawrence,Sales,Male,44,2020-08-07,
952,Jody Glass,Sales,Male,58,2024-08-07,
953,Richard Cortez,HR,Male,27,2021-08-31,
954,Tyler Mitchell,Marketing,Female,35,2021-10-17,2022-01-10
955,Richard Mejia,HR,Female,53,2021-04-09,
956,Mrs. Nicole Bautista,Marketing,Male,50,2021-08-25,
957,Benjamin Thomas,Sales,Male,31,2021-04-25,
958,Curtis Sutton,Sales,Male,43,2020-04-20,
959,Tiffany Cook,HR,Male,31,2024-06-21,2025-09-03
960,Denise Garza,Finance,Female,57,2022-01-08,
961,Steven Jones,HR,Female,52,2020-08-24,2021-10-14
962,Anthony Holt,Marketing,Female,48,2021-11-10,2024-01-24
963,Peter Hernandez,Finance,Female,23,2022-05-07,
964,Sheryl Blackburn,Marketing,Male,47,2025-02-09,2027-01-05
965,Brittany Martin,HR,Female,48,2025-02-23,2027-01-09
966,Patrick Shields,Marketing,Female,23,2021-02-24,2021-12-19
967,Jeffrey Cobb,HR,Female,45,2021-07-22,
968,Dustin Davis,IT,Male,43,2023-03-13,
969,Alexis Johnson,HR,Male,59,2021-12-01,
970,Susan Fowler DVM,Sales,Female,38,2024-07-01,2026-11-18
971,Carrie Myers,IT,Female,36,2024-07-02,
972,Joseph Morris,Sales,Female,57,2023-04-16,
973,Carlos Solomon,Sales,Male,45,2023-04-16,
974,Sean Wallace,Marketing,Female,32,2023-11-30,
975,Brittany Barnes,Finance,Female,25,2021-06-17,
976,Kevin Taylor,Sales,Male,23,2021-01-03,2021-05-30
977,Matthew Coleman,Sales,Female,22,2024-07-13,
978,Tiffany Wiggins,HR,Female,36,2022-11-13,
979,Joshua Evans,Finance,Female,58,2025-03-18,
980,James Jones,Marketing,Female,23,2023-03-16,
981,Andrew Perez,Sales,Male,58,2023-10-23,2024-04-03
982,Justin Rose,Marketing,Male,32,2024-12-26,
983,Dennis West,Marketing,Male,40,2024-08-16,
984,Cassandra Anderson,Sales,Female,35,2020-09-08,2021-05-24
985,Bernard Perez,Finance,Male,60,2020-09-08,
986,Brittany Salinas,Sales,Male,31,2024-04-10,2025-06-23
987,Andrew Brooks,IT,Male,31,2024-11-10,
988,Jennifer Haynes,Finance,Male,38,2022-11-03,
989,Jonathan Crawford,Marketing,Male,29,2024-01-22,
990,Tiffany Schmidt,Finance,Female,23,2024-05-04,
991,Abigail Hernandez,Finance,Male,27,2021-10-17,
992,Helen Hartman,IT,Male,51,2021-02-28,2021-10-06
993,Larry Hancock,HR,Female,25,2024-07-07,
994,Mrs. Kimberly Benson,IT,Male,56,2024-08-15,
995,Travis Anderson,Marketing,Male,41,2025-02-20,
996,Cory Brown,Finance,Female,35,2023-03-16,
997,Amy Solis PhD,Sales,Male,31,2021-04-17,
998,Joanne Hernandez,Marketing,Female,59,2024-10-14,
999,Lauren Brown,Sales,Female,51,2021-11-19,2023-12-30
1000,Sarah Martin,Marketing,Male,46,2022-09-13,2024-05-24
